iteration,total_remain,remain_fraction,assigned_fraction,assigned_delta,progress_rel_pct,stagnant_iterations,stagnant_limit,initial_isolated_flow,non_allocated_flow,run
1,13120186.870672671,0.41576957271539977,0.5842304272846002,18436203.33119922,58.42304273,0,3,0.0,16772368.118445095,goal6_probe_2m
2,12698253.866193345,0.40239881003373223,0.5976011899662678,421933.0044793263,1.33707627,0,3,0.0,0.0,goal6_probe_2m
3,12369507.800889067,0.39198107647164765,0.6080189235283524,328746.06530427746,1.04177336,0,3,0.0,0.0,goal6_probe_2m
4,12148917.692587206,0.3849907297656174,0.6150092702343826,220590.1083018612,0.69903467,0,3,0.0,0.0,goal6_probe_2m
5,11968418.68382714,0.3792708420469847,0.6207291579530153,180499.0087600667,0.57198877,0,3,0.0,0.0,goal6_probe_2m
6,11838886.766765047,0.37516606592292695,0.624833934077073,129531.91706209257,0.41047761,0,3,0.0,0.0,goal6_probe_2m
7,11699456.087720448,0.37074760493443504,0.629252395065565,139430.6790445987,0.4418461,0,3,0.0,0.0,goal6_probe_2m
8,11573904.609206868,0.36676896613226523,0.6332310338677347,125551.47851357982,0.39786388,0,3,0.0,0.0,goal6_probe_2m
9,11439716.616208978,0.36251664220866475,0.6374833577913352,134187.99299789034,0.42523239,0,3,0.0,0.0,goal6_probe_2m
10,11313974.4528087,0.35853196073540744,0.6414680392645926,125742.1634002775,0.39846815,0,3,0.0,199.7309534752361,goal6_probe_2m
11,11207269.422368454,0.3551505527303208,0.6448494472696792,106705.03044024669,0.3381408,0,3,0.0,0.0,goal6_probe_2m
12,11106734.390417524,0.35196466767478085,0.6480353323252191,100535.03195093013,0.31858851,0,3,0.0,0.0,goal6_probe_2m
13,11000882.480935413,0.3486102944779432,0.6513897055220568,105851.90948211029,0.33543732,0,3,0.0,0.0,goal6_probe_2m
14,10912320.04531513,0.3458038126511647,0.6541961873488353,88562.43562028371,0.28064818,0,3,0.0,0.0,goal6_probe_2m
15,10837020.712773709,0.34341762931207814,0.6565823706879219,75299.33254142106,0.23861833,0,3,0.0,0.0,goal6_probe_2m
16,10768263.859007608,0.34123877256305674,0.6587612274369432,68756.85376610048,0.21788567,0,3,0.0,0.0,goal6_probe_2m
17,10284357.91206522,0.32590413055087614,0.6740958694491239,483905.946942389,1.5334642,0,3,0.0,408255.2093704004,goal6_probe_2m
18,10018146.70499833,0.3174680830383473,0.6825319169616527,266211.20706688985,0.84360475,0,3,0.0,194673.06017813963,goal6_probe_2m
19,9936076.084455956,0.31486732230439285,0.6851326776956072,82070.62054237351,0.26007607,0,3,0.0,0.0,goal6_probe_2m
20,9851232.416113907,0.3121786856194207,0.6878213143805794,84843.6683420483,0.26886367,0,3,0.0,0.0,goal6_probe_2m
21,9789625.015022567,0.31022639004007124,0.6897736099599288,61607.40109134093,0.19522956,0,3,0.0,0.0,goal6_probe_2m
22,9698817.338565327,0.3073487580968633,0.6926512419031368,90807.67645723931,0.28776319,0,3,0.0,0.0,goal6_probe_2m
23,9624084.633849008,0.30498053079842263,0.6950194692015774,74732.70471631922,0.23682273,0,3,0.0,0.0,goal6_probe_2m
24,9564053.047929812,0.3030781717030013,0.6969218282969987,60031.585919195786,0.19023591,0,3,0.0,828.9932081708967,goal6_probe_2m
25,9505340.210131787,0.3012176028159255,0.6987823971840745,58712.83779802546,0.18605689,0,3,0.0,0.0,goal6_probe_2m
26,9454756.212021105,0.2996146311899858,0.7003853688100141,50583.99811068177,0.16029716,0,3,0.0,0.0,goal6_probe_2m
27,9386741.27729728,0.29745928533804517,0.7025407146619549,68014.93472382426,0.21553459,0,3,0.0,3254.013244841664,goal6_probe_2m
28,9302851.894294921,0.2948008892900275,0.7051991107099724,83889.38300235942,0.2658396,0,3,0.0,20828.26905446839,goal6_probe_2m
29,9007739.973083295,0.28544899829984316,0.7145510017001568,295111.9212116264,0.9351891,0,3,0.0,222982.80603970136,goal6_probe_2m
30,8951180.025425792,0.28365665300002657,0.7163433469999734,56559.94765750319,0.17923453,0,3,0.0,0.0,goal6_probe_2m
31,8896492.832684372,0.28192365399755587,0.7180763460024442,54687.19274142012,0.1732999,0,3,0.0,0.0,goal6_probe_2m
32,8844562.634549534,0.2802780222316083,0.7197219777683916,51930.19813483767,0.16456318,0,3,0.0,0.0,goal6_probe_2m
33,8787477.400731297,0.2784690309796605,0.7215309690203395,57085.23381823674,0.18089913,0,3,0.0,0.0,goal6_probe_2m
34,8734729.669991242,0.27679749217555083,0.7232025078244492,52747.73074005544,0.16715388,0,3,0.0,0.0,goal6_probe_2m
35,8686531.052827226,0.27527011160839215,0.7247298883916078,48198.61716401577,0.15273806,0,3,0.0,0.0,goal6_probe_2m
36,8638670.403518366,0.2737534410068852,0.7262465589931149,47860.6493088603,0.15166706,0,3,0.0,24.14509697320888,goal6_probe_2m
37,8587767.23680821,0.27214035515059687,0.7278596448494031,50903.166710155085,0.16130859,0,3,0.0,0.0,goal6_probe_2m
38,8546227.569214165,0.2708239920517662,0.7291760079482338,41539.6675940454,0.13163631,0,3,0.0,0.0,goal6_probe_2m
39,8505577.097008312,0.2695358069347169,0.7304641930652831,40650.47220585309,0.12881851,0,3,0.0,0.0,goal6_probe_2m
40,8474423.851233715,0.26854858230048895,0.731451417699511,31153.24577459693,0.09872246,0,3,0.0,0.0,goal6_probe_2m
41,8432527.253773618,0.2672209083431042,0.7327790916568958,41896.5974600967,0.1327674,0,3,0.0,0.0,goal6_probe_2m
42,8389443.593264922,0.2658556171854945,0.7341443828145056,43083.66050869599,0.13652912,0,3,0.0,0.0,goal6_probe_2m
43,8227579.0295844255,0.26072624203691064,0.7392737579630894,161864.563680497,0.51293751,0,3,0.0,115288.73484031972,goal6_probe_2m
44,7949359.5147362035,0.2519096596246511,0.7480903403753489,278219.514848222,0.88165824,0,3,0.0,234212.1120981743,goal6_probe_2m
45,7911603.798572589,0.2507132073079544,0.7492867926920457,37755.716163614765,0.11964523,0,3,0.0,0.0,goal6_probe_2m
46,7878174.120563637,0.24965384412366445,0.7503461558763356,33429.67800895125,0.10593632,0,3,0.0,0.0,goal6_probe_2m
47,7837754.402666845,0.2483729714497553,0.7516270285502447,40419.717896792106,0.12808727,0,3,0.0,4.784162331505918,goal6_probe_2m
48,7807156.8416894935,0.24740335607925146,0.7525966439207485,30597.56097735185,0.09696154,0,3,0.0,0.0,goal6_probe_2m
49,7774858.547534188,0.2463798456603256,0.7536201543396743,32298.29415530525,0.10235104,0,3,0.0,173.52202933254551,goal6_probe_2m
50,7743654.973251071,0.24539102615075867,0.7546089738492413,31203.57428311743,0.09888195,0,3,0.0,0.0,goal6_probe_2m
51,7709784.535980694,0.2443176956128327,0.7556823043871673,33870.43727037683,0.10733305,0,3,0.0,0.0,goal6_probe_2m
52,7671498.156570939,0.24310442694791792,0.7568955730520821,38286.37940975465,0.12132687,0,3,0.0,0.0,goal6_probe_2m
53,7619145.54052587,0.24144540905296355,0.7585545909470365,52352.61604506895,0.16590179,0,3,0.0,0.0,goal6_probe_2m
54,7570916.356678937,0.23991705984893852,0.7600829401510615,48229.18384693377,0.15283492,0,3,0.0,4528.802933936639,goal6_probe_2m
55,7536757.565402348,0.23883459157363615,0.7611654084263638,34158.791276589036,0.10824683,0,3,0.0,0.0,goal6_probe_2m
56,7501205.668850735,0.2377079767636347,0.7622920232363652,35551.896551612765,0.11266148,0,3,0.0,0.0,goal6_probe_2m
57,7457781.651186548,0.2363318999251118,0.7636681000748882,43424.01766418666,0.13760768,0,3,0.0,0.0,goal6_probe_2m
58,7409248.25605874,0.23479391047773424,0.7652060895222658,48533.395127807744,0.15379894,0,3,0.0,0.0,goal6_probe_2m
59,7363602.165607123,0.23334741770211537,0.7666525822978847,45646.090451617725,0.14464928,0,3,0.0,0.0,goal6_probe_2m
60,7327849.051959662,0.23221442646266302,0.767785573537337,35753.11364746094,0.11329912,0,3,0.0,0.0,goal6_probe_2m
61,7296106.751081461,0.2312085350829729,0.7687914649170271,31742.30087820068,0.10058914,0,3,0.0,0.0,goal6_probe_2m
62,7265965.985796657,0.2302533952494245,0.7697466047505754,30140.765284803696,0.09551398,0,3,0.0,0.0,goal6_probe_2m
63,7231739.6302193655,0.22916878590854808,0.7708312140914519,34226.35557729192,0.10846093,0,3,0.0,0.0,goal6_probe_2m
64,6910481.373716776,0.2189883357858489,0.7810116642141511,321258.2565025892,1.01804501,0,3,0.0,288621.7116415532,goal6_probe_2m
65,6880870.832599896,0.21804999838643607,0.7819500016135639,29610.541116880253,0.09383374,0,3,0.0,7165.092428185388,goal6_probe_2m
66,6858538.006758291,0.21734228670906305,0.7826577132909369,22332.825841604732,0.07077117,0,3,0.0,0.0,goal6_probe_2m
67,6825810.67416851,0.21630518036133384,0.7836948196386662,32727.33258978091,0.10371063,0,3,0.0,1551.6085921459526,goal6_probe_2m
68,6799169.252991938,0.21546093230234667,0.7845390676976534,26641.42117657233,0.08442481,0,3,0.0,0.0,goal6_probe_2m
69,6757147.915021431,0.2141293054051734,0.7858706945948266,42021.33797050733,0.13316269,0,3,0.0,0.0,goal6_probe_2m
70,6731124.105239141,0.2133046290205866,0.7866953709794133,26023.8097822899,0.08246764,0,3,0.0,0.0,goal6_probe_2m
71,6696111.34660928,0.2121950991153637,0.7878049008846363,35012.75862986036,0.11095299,0,3,0.0,0.0,goal6_probe_2m
72,6668940.02036715,0.21133405873437236,0.7886659412656276,27171.32624213025,0.08610404,0,3,0.0,0.0,goal6_probe_2m
73,6633848.298676449,0.2102220265448154,0.7897779734551846,35091.72169070132,0.11120322,0,3,0.0,0.0,goal6_probe_2m
74,6603759.022680356,0.20926851837092078,0.7907314816290792,30089.275996092707,0.09535082,0,3,0.0,680.9667970747901,goal6_probe_2m
75,6570567.477338529,0.20821670144479285,0.7917832985552071,33191.545341826975,0.10518169,0,3,0.0,0.0,goal6_probe_2m
76,6545546.388235319,0.20742380057929,0.79257619942071,25021.089103209786,0.07929009,0,3,0.0,328.02096941688967,goal6_probe_2m
77,6510630.848773237,0.20631735148169925,0.7936826485183007,34915.53946208209,0.11064491,0,3,0.0,0.0,goal6_probe_2m
78,6450961.281182164,0.2044264644946467,0.7955735355053533,59669.56759107299,0.1890887,0,3,0.0,24987.69504412734,goal6_probe_2m
79,6426357.516317723,0.203646788343254,0.796353211656746,24603.764864441007,0.07796762,0,3,0.0,0.0,goal6_probe_2m
80,6399538.671628819,0.20279691785688533,0.7972030821431146,26818.84468890447,0.08498705,0,3,0.0,0.0,goal6_probe_2m
81,6373676.802649263,0.20197737326340956,0.7980226267365904,25861.868979555555,0.08195446,0,3,0.0,0.0,goal6_probe_2m
82,6340977.316515861,0.2009411493504646,0.7990588506495354,32699.486133402213,0.10362239,0,3,0.0,0.0,goal6_probe_2m
83,6142053.205112178,0.19463738297759586,0.8053626170224042,198924.1114036832,0.63037664,0,3,0.0,172921.1996085849,goal6_probe_2m
84,6113168.836525581,0.19372205747927942,0.8062779425207206,28884.368586597033,0.09153255,0,3,0.0,0.0,goal6_probe_2m
85,6040281.970092135,0.19141232350884818,0.8085876764911518,72886.8664334463,0.2309734,0,3,0.0,35955.143222806204,goal6_probe_2m
86,6009204.395191328,0.19042749683184243,0.8095725031681575,31077.57490080688,0.09848267,0,3,0.0,0.0,goal6_probe_2m
87,5976909.887635812,0.18940410640762337,0.8105958935923766,32294.507555515505,0.10233904,0,3,0.0,0.0,goal6_probe_2m
88,5940285.205835246,0.18824349578117744,0.8117565042188226,36624.681800566614,0.11606106,0,3,0.0,0.0,goal6_probe_2m
89,5892373.903029329,0.18672522000567146,0.8132747799943285,47911.302805916406,0.15182758,0,3,0.0,12795.094565517466,goal6_probe_2m
90,5851288.678530902,0.1854232578916401,0.8145767421083598,41085.22449842747,0.13019621,0,3,0.0,0.0,goal6_probe_2m
91,5812267.140731498,0.18418669257001186,0.8158133074299881,39021.537799404,0.12365653,0,3,0.0,0.0,goal6_probe_2m
92,5782581.077227321,0.18324596191881032,0.8167540380811897,29686.063504176214,0.09407307,0,3,0.0,0.0,goal6_probe_2m
93,5746141.46453687,0.18209121600340805,0.817908783996592,36439.612690451555,0.11547459,0,3,0.0,0.0,goal6_probe_2m
94,5720413.367418411,0.18127591054692613,0.8187240894530738,25728.09711845871,0.08153055,0,3,0.0,247.17720074037513,goal6_probe_2m
95,5689177.177655758,0.1802860574755568,0.8197139425244432,31236.18976265285,0.09898531,0,3,0.0,0.0,goal6_probe_2m
96,5661504.272456166,0.179409122407174,0.820590877592826,27672.905199592,0.08769351,0,3,0.0,0.0,goal6_probe_2m
97,5637640.847384323,0.17865290710754106,0.8213470928924589,23863.42507184297,0.07562153,0,3,0.0,0.0,goal6_probe_2m
98,5608506.360020542,0.17772965551959313,0.8222703444804069,29134.48736378178,0.09232516,0,3,0.0,0.0,goal6_probe_2m
99,5517009.099550378,0.17483017113988938,0.8251698288601106,91497.26047016401,0.28994844,0,3,0.0,61802.21840906648,goal6_probe_2m
100,5488562.968321653,0.17392873307784396,0.826071266922156,28446.131228724495,0.09014381,0,3,0.0,0.0,goal6_probe_2m
101,5459097.625408891,0.1729949969082673,0.8270050030917326,29465.342912762426,0.09337362,0,3,0.0,0.0,goal6_probe_2m
102,5430397.1527210735,0.1720854989427454,0.8279145010572546,28700.47268781718,0.0909498,0,3,0.0,0.0,goal6_probe_2m
103,5399869.1708500935,0.17111808848560228,0.8288819115143977,30527.981870980002,0.09674105,0,3,0.0,0.0,goal6_probe_2m
104,5123861.951824038,0.16237161218522736,0.8376283878147727,276007.2190260552,0.87464763,0,3,0.0,237755.4725348213,goal6_probe_2m
105,5085375.237536245,0.16115199504772884,0.8388480049522712,38486.714287793264,0.12196171,0,3,0.0,0.0,goal6_probe_2m
106,5056153.626511343,0.16022598257171475,0.8397740174282853,29221.611024902202,0.09260125,0,3,0.0,0.0,goal6_probe_2m
107,4877501.676235719,0.1545646268484284,0.8454353731515716,178651.95027562417,0.56613557,0,3,0.0,144574.60320738435,goal6_probe_2m
108,4842645.711390897,0.15346006562891493,0.8465399343710851,34855.96484482195,0.11045612,0,3,0.0,3834.483308809854,goal6_probe_2m
109,4809523.7767275395,0.15241045461664546,0.8475895453833545,33121.93466335721,0.1049611,0,3,0.0,0.0,goal6_probe_2m
110,4781540.496033449,0.15152368396527893,0.8484763160347211,27983.28069409076,0.08867707,0,3,0.0,0.0,goal6_probe_2m
111,4755010.845341402,0.15068297783500445,0.8493170221649955,26529.65069204662,0.08407061,0,3,0.0,0.0,goal6_probe_2m
112,4541080.78825008,0.1439036835075236,0.8560963164924764,213930.0570913218,0.67792943,0,3,0.0,191759.3545795242,goal6_probe_2m
113,4518426.66540522,0.1431857901521703,0.8568142098478297,22654.122844859958,0.07178934,0,3,0.0,0.0,goal6_probe_2m
114,4478218.262201749,0.14191161389353452,0.8580883861064654,40208.403203471564,0.12741763,0,3,0.0,0.0,goal6_probe_2m
115,4446220.8580660485,0.14089763846950765,0.8591023615304924,31997.404135700315,0.10139754,0,3,0.0,239.61924142284514,goal6_probe_2m
116,4416056.883227982,0.1399417631414013,0.8600582368585987,30163.974838066846,0.09558753,0,3,0.0,0.0,goal6_probe_2m
117,4367313.199795544,0.1383971098042922,0.8616028901957078,48743.68343243748,0.15446533,0,3,0.0,20588.588825602335,goal6_probe_2m
1,13120186.87067322,0.4157695727154172,0.5842304272845829,18436203.331197225,58.42304273,0,3,0.0,16772368.11844506,goal8_reconv_2m
2,12682290.37856258,0.4018929382426737,0.5981070617573263,437896.4921106398,1.38766345,0,3,0.0,0.0,goal8_reconv_2m
3,12299583.022876205,0.38976520901768535,0.6102347909823147,382707.3556863759,1.21277292,0,3,0.0,0.0,goal8_reconv_2m
4,12070019.184764003,0.3824904910716959,0.617509508928304,229563.83811220154,0.72747179,0,3,0.0,0.0,goal8_reconv_2m
5,11856172.321519261,0.37571383309919887,0.6242861669008011,213846.86324474216,0.6776658,0,3,0.0,0.0,goal8_reconv_2m
6,11617660.049193367,0.3681555455130685,0.6318444544869315,238512.27232589386,0.75582876,0,3,0.0,201.05594148008126,goal8_reconv_2m
7,11404568.647943672,0.36140282760438147,0.6385971723956185,213091.40124969557,0.67527179,0,3,0.0,0.0,goal8_reconv_2m
8,11265753.152469112,0.3570038613542327,0.6429961386457673,138815.4954745602,0.43989663,0,3,0.0,0.0,goal8_reconv_2m
9,11129077.594126543,0.3526727082195354,0.6473272917804647,136675.55834256858,0.43311531,0,3,0.0,0.0,goal8_reconv_2m
10,10996151.44267319,0.34846037117455014,0.6515396288254498,132926.15145335346,0.4212337,0,3,0.0,0.0,goal8_reconv_2m
11,10840121.822759373,0.3435159013249993,0.6564840986750007,156029.61991381645,0.49444698,0,3,0.0,0.0,goal8_reconv_2m
12,10084191.375347877,0.319560992586209,0.6804390074137909,755930.4474114962,2.39549087,0,3,0.0,607470.1843427344,goal8_reconv_2m
13,9943511.510109695,0.3151029457583485,0.6848970542416515,140679.86523818225,0.44580468,0,3,0.0,12413.503640159366,goal8_reconv_2m
14,9821032.482006282,0.3112216707671378,0.6887783292328622,122479.02810341306,0.3881275,0,3,0.0,0.0,goal8_reconv_2m
15,9698683.383561324,0.3073445131561985,0.6926554868438015,122349.09844495729,0.38771576,0,3,0.0,5598.420213127459,goal8_reconv_2m
16,9377321.282741005,0.2971607722794851,0.7028392277205149,321362.1008203197,1.01837409,0,3,0.0,219448.06311212637,goal8_reconv_2m
17,9245497.661462743,0.2929833736469114,0.7070166263530886,131823.62127826177,0.41773986,0,3,0.0,13552.468460005097,goal8_reconv_2m
18,9132425.224671954,0.289400186974816,0.710599813025184,113072.43679078855,0.35831867,0,3,0.0,8528.269934898542,goal8_reconv_2m
19,9043308.5544055,0.2865761418385897,0.7134238581614103,89116.67026645504,0.28240451,0,3,0.0,25.321758967163902,goal8_reconv_2m
20,8951547.518124547,0.2836682985873832,0.7163317014126168,91761.0362809524,0.29078433,0,3,0.0,0.0,goal8_reconv_2m
21,8851896.141895717,0.28051041596546916,0.7194895840345308,99651.37622882985,0.31578826,0,3,0.0,0.0,goal8_reconv_2m
22,8769376.004890528,0.27789541036827337,0.7221045896317266,82520.13700518943,0.26150056,0,3,0.0,0.0,goal8_reconv_2m
23,8680062.981595283,0.2750651429414893,0.7249348570585107,89313.0232952442,0.28302674,0,3,0.0,6733.776202760496,goal8_reconv_2m
24,8600950.204523785,0.2725581142045077,0.7274418857954923,79112.77707149833,0.25070287,0,3,0.0,0.0,goal8_reconv_2m
25,8282696.739679674,0.26247288383410766,0.7375271161658923,318253.46484411135,1.00852304,0,3,0.0,234575.16828562756,goal8_reconv_2m
26,8088038.168708515,0.25630428946301853,0.7436957105369815,194658.57097115833,0.61685944,0,3,0.0,114939.78380979385,goal8_reconv_2m
27,8019342.248409187,0.25412736365306793,0.7458726363469321,68695.92029932793,0.21769258,0,3,0.0,0.0,goal8_reconv_2m
28,7922468.330961109,0.2510574967630859,0.7489425032369141,96873.91744807828,0.30698669,0,3,0.0,0.0,goal8_reconv_2m
29,7830512.581308227,0.24814348318090415,0.7518565168190958,91955.7496528821,0.29140136,0,3,0.0,260.7276327107596,goal8_reconv_2m
30,7760211.090490833,0.24591567796086275,0.7540843220391372,70301.49081739411,0.22278052,0,3,0.0,0.0,goal8_reconv_2m
31,7684086.422729723,0.24350334032420257,0.7564966596757974,76124.66776110977,0.24123376,0,3,0.0,170.60207247096375,goal8_reconv_2m
32,7610546.559921454,0.24117291335401295,0.7588270866459871,73539.86280826945,0.2330427,0,3,0.0,0.0,goal8_reconv_2m
33,7541876.56116218,0.23899680897959055,0.7610031910204095,68669.99875927344,0.21761044,0,3,0.0,0.0,goal8_reconv_2m
34,7191771.665257703,0.2279022289701283,0.7720977710298718,350104.8959044777,1.109458,0,3,0.0,288074.1169232579,goal8_reconv_2m
35,7125538.043226359,0.2258033316752338,0.7741966683247662,66233.62203134317,0.20988973,0,3,0.0,0.0,goal8_reconv_2m
36,7059899.752272722,0.22372330000704435,0.7762766999929557,65638.2909536371,0.20800317,0,3,0.0,182.3887386936996,goal8_reconv_2m
37,6982438.10148685,0.22126859431065965,0.7787314056893404,77461.65078587271,0.24547057,0,3,0.0,0.0,goal8_reconv_2m
38,6928244.653233188,0.21955124172669882,0.7804487582733012,54193.448253661394,0.17173526,0,3,0.0,182.92184705640818,goal8_reconv_2m
39,6845938.327146273,0.21694301164840446,0.7830569883515955,82306.3260869151,0.26082301,0,3,0.0,0.0,goal8_reconv_2m
40,6768554.775017036,0.21449078084398734,0.7855092191560127,77383.55212923698,0.24522308,0,3,0.0,300.3281485891495,goal8_reconv_2m
41,6705245.831404417,0.2124845645686903,0.7875154354313096,63308.9436126193,0.20062163,0,3,0.0,4971.953136578445,goal8_reconv_2m
42,6620573.311945617,0.20980135147247952,0.7901986485275205,84672.51945879962,0.26832131,0,3,0.0,25743.434563226674,goal8_reconv_2m
43,6560109.218235691,0.20788528650677443,0.7921147134932256,60464.09370992612,0.1916065,0,3,0.0,0.0,goal8_reconv_2m
44,6487485.326369466,0.20558388601699606,0.7944161139830039,72623.89186622482,0.23014005,0,3,0.0,0.0,goal8_reconv_2m
45,6415300.199262932,0.20329638967648458,0.7967036103235154,72185.12710653432,0.22874963,0,3,0.0,0.0,goal8_reconv_2m
46,6325622.076529592,0.20045455250310534,0.7995454474968946,89678.12273333967,0.28418372,0,3,0.0,13377.190782014633,goal8_reconv_2m
47,6081916.355164833,0.1927316881385272,0.8072683118614727,243705.7213647589,0.77228644,0,3,0.0,173556.03487854917,goal8_reconv_2m
48,6021661.074033175,0.19082224029781428,0.8091777597021858,60255.2811316587,0.19094478,0,3,0.0,0.0,goal8_reconv_2m
49,5959621.531228075,0.188856250448905,0.811143749551095,62039.54280509986,0.19659898,0,3,0.0,0.0,goal8_reconv_2m
50,5858481.195758449,0.18565118374695927,0.8143488162530408,101140.33546962589,0.32050667,0,3,0.0,36506.50957429165,goal8_reconv_2m
51,5802280.475994474,0.18387022212858503,0.8161297778714149,56200.71976397466,0.17809616,0,3,0.0,0.0,goal8_reconv_2m
52,5745903.331623663,0.18208366973744788,0.8179163302625521,56377.14437081106,0.17865524,0,3,0.0,1604.211978637943,goal8_reconv_2m
53,5685298.500387291,0.18016314489767146,0.8198368551023285,60604.83123637177,0.19205248,0,3,0.0,0.0,goal8_reconv_2m
54,5556054.327435679,0.1760674871838197,0.8239325128161803,129244.17295161262,0.40956577,0,3,0.0,62170.854189799466,goal8_reconv_2m
55,5499930.169009068,0.17428895174083733,0.8257110482591626,56124.15842661075,0.17785354,0,3,0.0,0.0,goal8_reconv_2m
56,5430660.473984271,0.172093843409952,0.827906156590048,69269.69502479676,0.21951083,0,3,0.0,2197.8185782808523,goal8_reconv_2m
57,5134922.251887134,0.16272210538144977,0.8372778946185502,295738.222097137,0.9371738,0,3,0.0,235655.21416306644,goal8_reconv_2m
58,4859118.689046589,0.15398208280357628,0.8460179171964237,275803.56284054555,0.87400226,0,3,0.0,204092.8454818288,goal8_reconv_2m
59,4794536.021113692,0.1519355030927871,0.8480644969072129,64582.667932896875,0.20465797,0,3,0.0,46.90051504196649,goal8_reconv_2m
60,4726137.14336563,0.14976799035414678,0.8502320096458532,68398.8777480619,0.21675127,0,3,0.0,115.30118974942437,goal8_reconv_2m
61,4601409.787790359,0.14581546743319898,0.854184532566801,124727.35557527095,0.39525229,0,3,0.0,58615.40293784029,goal8_reconv_2m
62,4545175.215902066,0.1440334330646115,0.8559665669353885,56234.57188829314,0.17820344,0,3,0.0,0.0,goal8_reconv_2m
63,4504828.325732834,0.14275486825060313,0.8572451317493969,40346.89016923215,0.12785648,0,3,0.0,0.0,goal8_reconv_2m
64,4445846.984696172,0.1408857906831327,0.8591142093168673,58981.34103666153,0.18690776,0,3,0.0,19848.72681691909,goal8_reconv_2m
65,4400115.606843073,0.1394365952092351,0.8605634047907649,45731.37785309926,0.14491955,0,3,0.0,3506.21529543918,goal8_reconv_2m
66,4363863.735969072,0.13828779870107652,0.8617122012989235,36251.87087400071,0.11487965,0,3,0.0,92.58274206432031,goal8_reconv_2m
67,4311769.304626201,0.13663696249929252,0.8633630375007075,52094.43134287093,0.16508362,0,3,0.0,0.0,goal8_reconv_2m
68,4271619.611453225,0.13536464672058238,0.8646353532794177,40149.693172976375,0.12723158,0,3,0.0,5042.440015221293,goal8_reconv_2m
69,4230494.449111025,0.13406141900413207,0.865938580995868,41125.162342200056,0.13032277,0,3,0.0,0.0,goal8_reconv_2m
70,4189728.393849575,0.1327695711406514,0.8672304288593486,40766.05526144989,0.12918479,0,3,0.0,0.0,goal8_reconv_2m
71,4155234.229575756,0.13167647512893546,0.8683235248710646,34494.164273818955,0.1093096,0,3,0.0,0.0,goal8_reconv_2m
72,4122670.7215711377,0.1306445602680688,0.8693554397319312,32563.508004618343,0.10319149,0,3,0.0,0.0,goal8_reconv_2m
73,4092853.25400806,0.12969966551387385,0.8703003344861262,29817.467563077807,0.09448948,0,3,0.0,0.0,goal8_reconv_2m
74,4058989.7694380274,0.1286265553021734,0.8713734446978266,33863.48457003245,0.10731102,0,3,0.0,0.0,goal8_reconv_2m
75,4021133.347804986,0.1274269116993764,0.8725730883006236,37856.421633041464,0.11996436,0,3,0.0,0.0,goal8_reconv_2m
76,3985079.660446645,0.126284395488628,0.873715604511372,36053.687358340714,0.11425162,0,3,0.0,262.5520537433719,goal8_reconv_2m
77,3957573.6585048647,0.12541274946809713,0.8745872505319029,27506.00194178056,0.0871646,0,3,0.0,0.0,goal8_reconv_2m
