speed_mph,speed_kmh,gas_suv_gal_per_mi,gas_suv_L_per_km,diesel_heavy_truck_gal_per_mi,diesel_heavy_truck_L_per_km
5,8.0,0.1157,0.2721,0.2872,0.6755
10,16.1,0.0938,0.2207,0.2461,0.5789
15,24.1,0.0768,0.1807,0.2027,0.4768
20,32.2,0.0639,0.1504,0.1784,0.4196
25,40.2,0.0547,0.1287,0.1636,0.3849
30,48.3,0.0486,0.1143,0.1522,0.358
35,56.3,0.045,0.106,0.1435,0.3375
40,64.4,0.0436,0.1026,0.1374,0.3231
45,72.4,0.0438,0.1031,0.1339,0.3149
50,80.5,0.0452,0.1063,0.133,0.3129
55,88.5,0.0472,0.111,0.135,0.3175
60,96.6,0.0493,0.1159,0.1396,0.3283
65,104.6,0.0509,0.1196,0.1468,0.3452
70,112.7,0.0534,0.1257,0.1467,0.345
75,120.7,0.0568,0.1336,0.1468,0.3453
80,128.7,0.0611,0.1437,0.1468,0.3453
85,136.8,0.0668,0.157,0.1468,0.3453
90,144.8,0.0748,0.1759,,

"# SOURCE: EMFAC2025 v2.1.1 (CARB), Statewide CA, CY2026, Annual, avg-speed bins."
# Raw: EMFAC2025EI-EMFAC202YClass-Statewide-2026-Annual-20260911195848.csv
"# VEHICLE MAPPING: gas_suv = EMFAC ""MDV"" (8,501-14,000 lb GVWR), Gasoline."
"#                  diesel_heavy_truck = EMFAC ""T7 Tractor Class 8"" (combination tractor, Class 8), Diesel."
"# RATIONALE: ResiFlow FAF freight / T29 / NewT0 HT are combination-unit (5+ axle), not single-unit Class 6. Replaces prior diesel_su_truck (T6 Instate Delivery Class 6)."
# CALC: gal/mi = Fuel Consumption (1000 gal/day) * 1000 / CVMT (mi/day).
#       L/km = gal/mi * 2.35215.
# CAVEATS: CA fleet (CARB standards); EMFAC2025 not EPA-approved for SIP.
#          T7 Tractor Class 8 may lack some high-speed bins — blank cells left blank (do not invent).
# CROSS-CHECK mean gal/mi: T6 SU Class6 diesel=0.1230; T7 Class8 fleet VMT-wtd=0.1742.
