# Parameter-table manifest. Convention: '#' provenance header lines, then labeled-axis columns with units embedded in column names.
# status vocabulary: CURRENT_DISCRETIZED | APPROXIMATE_VERIFY | TEMPLATE_REPLACE_VALUES | PLACEHOLDER_DO_NOT_USE | SOURCED | ADOPTED | OPEN | OUT_OF_SCOPE | ARCHIVED_LEGACY | ARCHIVED_REJECTED | SEALED
file,audit_matrix_rows,status,note
T00_model_constants_comparison.csv,"1-3,7,18,25",MIXED,Scalars; pin editions/years before adoption
T04_avg_fuel_VOC.csv,4,SEALED,Li-like constant fuel-only; gas_suv=MDV + diesel_heavy_truck=T7 Tractor Class 8 (see T04_avg_fuel_VOC_sealed.csv if canonical locked)
T04_avg_fuel_VOC_sealed.csv,4,SEALED,AUDIT 2026-10-08: confirmed NOT loaded by any code path -- by design not neglect: the live Wave-1 fuel-cost path is the hardcoded formula coefficients in unified_parameters.json's cost_operating.fuel_litre_per_km/fuel_usd_per_litre (use_table_fuel_curve stays false); this CSV is scripts/seal_t04_emfac_fuel_voc.py's own discretized-output companion -- a transparent human-readable record of what those formula coefficients resolve to -- reference/documentation only; same role as T32_ice_event_assumption_note.csv and T36's inventory ledger
T04_EMFAC2025_CA_fuel_speed.csv,4,SEALED,Speed-bin companion to sealed T04 avg; EMFAC2025 CA CY2026
T04_fuel_consumption_speed_UK_TAG_current.csv,4,CURRENT_DISCRETIZED,Faithful discretization of stored TAG coefficients; unit conflict flagged; Wave-1 prefers sealed T04 avg not this curve
T04_fuel_consumption_speed_US_candidate.csv,4,APPROXIMATE_VERIFY,Anchored shape; finalize from EPA MOVES4
T05_nonfuel_OUT_OF_SCOPE.csv,5,OUT_OF_SCOPE,Wave-1 sealed: Li fuel-only + A-3 VOT; no non-fuel VOC (ATRI would double-count capital vs A-3)
T05_nonfuel_cost_speed_UK_TAG_current.csv,5,ARCHIVED_LEGACY,Dormant default for use_table_nonfuel_curve=false path name only; Wave-1 does not adopt non-fuel table. Copy also in archive/
archive/T05_nonfuel_cost_speed_UK_TAG_current.csv,5,ARCHIVED_LEGACY,UK TAG discretization; not adopted for Wave-1
archive/T05_nonfuel_cost_US_candidate.csv,5,ARCHIVED_REJECTED,ATRI/AAA candidate rejected — double-counts vs Exhibit A-3 truck VOT capital
archive/T08_assignment_tiers_UK_current.csv,"8-10,14",ARCHIVED_LEGACY,Archived -- was the UK-relabeled table assignment_profiles.json literally matched; superseded by the real US T08_assignment_tiers_US_candidate.csv as of DECISION 2026-10-08
T08_assignment_tiers_US_candidate.csv,"8-11,14",APPROXIMATE_VERIFY,DECISION 2026-10-08: confirmed as the correct/final tier table per explicit decision (status label unchanged but no longer blocking); assignment_profiles.json's own default values now match it directly (flow_cap_plph/free_flow_speed/urban_speed_cap/min_speed_cap copied verbatim; flow_breakpoint/congestion_factor DERIVED via the NCHRP 825 Exhibit 128 linearization -- Q_bp = 0.85 x capacity; slope = free_flow_speed / (1.15 x capacity) -- since this table's own flow_breakpoint column is BPR-oriented text ('n/a use BPR' / a range) not a usable single number under this codebase's actual piecewise-linear speed model and it has no congestion_factor column at all). assignment.tier_table default also repointed here (was the now-archived UK file); resiflow.networks.profiles._load_profiles_from_table derives the same two columns the same way when use_table_tier_values is on so both paths agree. Superseded for real per-link assignment use by T08b when assignment.use_table_t08b is on
T08b_facility_area_capacity_speed_US_candidate.csv,n/a (new -- 2026-10-02),SOURCED,NCHRP 825 Exhibit 128 verified against source image; real per-link join (facility_type x area_type x lane_category from hpms_fclass/urban/lanes) via resiflow.networks.t08b_profile -- see assignment.use_table_t08b. 8%-small-metro-population adjustment wired 2026-10-02 via T39 + resiflow.census_urban_area (real result: 58266 of 483599 national links get the cut). Downtown/Suburban area_type sub-split (within "Urban") still deferred -- population alone cannot distinguish them; needs real CBD-distance/land-use data this project doesn't have. local_access row is an unsourced analyst default -- not NCHRP 825
T39_census_urban_area_population_2010.csv,n/a (new -- 2026-10-02),SOURCED,Real Census 2010 Urban Area population list keyed by UACE -- confirmed exact-match vintage against FAF5's own Urban_Code (503/503 real codes match; 0 unmatched). hpms_urban_size_tier thresholds quoted verbatim from FHWA HERS/C&P 23rd Edition Appendix A p.A-3. Feeds T08b's 8% small-metro adjustment (live) and is ready for T24/CP25's Small Urban/Small Urbanized/Large Urbanized/Major Urbanized tiers (T24 itself still not wired -- see docs/FLOOD_TABLE_REVIEW.md). See resiflow.census_urban_area and scripts/prepare_census_urban_area_population.py
T19_speed_depth_curve_discretized.csv,18-19,ADOPTED,Curve retained; truck threshold is the candidate change -- wired 2026-10-02: hazard_disruption.flood_closure_threshold_truck_cm (default 60) drives a new max_speed_truck column via apply_max_speed_to_links alongside the existing passenger-threshold max_speed (30cm) -- v_ratio_xd15 confirmed to have zero consumers anywhere in this project -- left unwired
T19_alt_snowfall_rate_speed_capacity.csv,n/a (new -- Ali/ASSIP),SOURCED,AUDIT 2026-10-08: confirmed wired -- hazards/winter_storm_rate.py loads this (T19_ALT_TABLE constant); called from disruption/build.py / disruption/pipeline_intensity.py / disruption/winter_storm.py / scripts/prepare_snowfall_rate_from_nohrsc.py
T19_winter_speed_closure_crosswalk.csv,n/a (new -- Ali/ASSIP),SOURCED,AUDIT 2026-10-08: confirmed wired -- fragility/winter_storm_speed.py loads this (_TABLE_NAME constant); called from disruption/build.py
T20_damage_level_depth_thresholds.csv,20-21,CURRENT+FLAGGED,Coastal rows are placeholders - do not run -- major/minor split basis updated 2026-10-02: flood_categorical._is_major prefers real hpms_fclass (F1-F3 major) over the old name-based set when present
T20_damage_level_depth_thresholds_US_candidate.csv,n/a (new -- 2026-10-02),SOURCED,Li et al. 2026 SI Table S6 (river = discretized van Ginkel 2021 Table 2) -- van Ginkel/Li sophisticated/simple/ordinary 3-way scheme now classified from real NHS (FAF5's own field) + real NTI-matched tunnel presence via resiflow.hpms_fclass.flood_road_class_sophistication -- auto-selected by flood_categorical.py when vulnerability.damage_threshold_table points here instead of the legacy file. Coastal rows remain PLACEHOLDER_SUBSTITUTE_RIVER -- never auto-loaded
T20_damage_level_depth_thresholds_US.csv,n/a,OPEN,AUDIT 2026-10-08: byte-identical duplicate of T20_damage_level_depth_thresholds_US_candidate.csv above under a shorter name -- untracked and not referenced by any code path or parameter; no manifest row of its own until now. Left in place rather than archived (may be an in-progress rename by concurrent work on this branch) -- CONFIRM intent and consolidate to one filename
archive/T22_damage_ratio_curves_TEMPLATE.csv,22,ARCHIVED_LEGACY,DECISION 2026-10-08: archived by explicit decision -- damage_ratio_road_flood.xlsx (van Ginkel-sourced; confirmed 2026-10-02 byte-identical to parameters/tables/damage_ratio_road_flood.xlsx) is the permanent final T22 source; this TEMPLATE is not being replaced with real values and is not coming back. Script 3's create_damage_curves() requires bare C1-C6 directly (the real schema the xlsx -- and the T22 CSV alternative if ever used -- both produce) instead of a vestigial Interstate/US Route/State Route/Local name-translation path that no real table ever used; toy/CI fixtures updated to match (tests/toy_pipeline_fixtures.py and tests/sioux_falls_fixtures.py). OPEN: vulnerability.use_table_damage_ratio_curves's default table name still names this archived file by its old top-level path -- flipping that flag on without also changing damage_ratio_curves_table will now fail loudly (FileNotFoundError) rather than silently serving illustrative values; that is the safer failure mode and was left as-is rather than removing the flag/table machinery entirely
archive/T22_damage_ratio_curves_updated.csv,22,ARCHIVED_REJECTED,Incomplete reshape attempt (6 of 121 depth knots -- missing cells -- own header still says REPLACE these values) -- superseded by damage_ratio_road_flood.xlsx; not loaded by any code path. Moved to archive/ 2026-10-08 (was sitting untracked at top level)
archive/T24_asset_unit_costs_US_candidate.csv,23-24,APPROXIMATE_VERIFY,Ranges only; exact extraction + UK workbook archival pending -- superseded for flood road costing by T24_asset_unit_costs_US_candidate_CP25.csv. Archived 2026-10-08 (zero remaining code references confirmed)
archive/damage_cost_road_flood_US.xlsx,n/a,ARCHIVED_LEGACY,AUDIT 2026-10-08: moved to archive/ -- untracked and zero code references; byte-for-byte the same Interstate/US Route/State Route/Local min/max/mean figures already documented (and superseded for sourced costing) in the "T24 unit costs" section of docs/FLOOD_TABLE_REVIEW.md; appears to be a plain staged copy of the ungitted damage_cost_road_flood.xlsx workbook's own numbers under a new filename not a distinct revision
archive/NewT0_updated.xlsx,n/a,ARCHIVED_LEGACY,AUDIT 2026-10-08: moved to archive/ -- untracked and zero code references; a VOT/fuel-cost citation source referenced only in scripts/seal_t04_emfac_fuel_voc.py's comments ('NewT0 / EIA 2024 national avg') never programmatically loaded
T24_asset_unit_costs_US_candidate_CP25.csv,n/a (new -- 2026-10-05),SOURCED,FHWA HERS/C&P Report 25th Edition Exhibits A-5..A-8 -- $K/lane-mile (2018 USD) by region x functional_class (real HPMS F1-F7 names) x subcategory_or_terrain x improvement_type. Wired 2026-10-05 as flood road reconstruction cost via resiflow.networks.cp25_road_cost; replaces damage_cost_road_flood.xlsx's roads sheet for that role -- gated behind vulnerability.use_sourced_asset_costs (default False); damage_ratio_road_flood.xlsx (T22) continuous C1-C6 fraction is unchanged and still multiplies this cost. Urban subcategory (Small Urban/.../Major Urbanized) joins real T39/resiflow.census_urban_area; Rural terrain (Flat/Rolling/Mountainous) has no reliable per-link source yet (HPMS LRS Terrain_Type matches only ~22% of national miles; not merged into production road_links) so every rural link uses a flagged Rolling default (cp25_road_cost.TERRAIN_DEFAULT) until real terrain is wired. improvement_type is fixed to Total Reconstruct Existing Lane (analyst default -- no widening scope since a flood repair adds no capacity; T24 has no repair-specific row to select instead)
T30_bridge_replacement_unit_costs_US.csv,n/a (new -- 2026-10-05),SOURCED,State x NHS/non-NHS bridge replacement cost in USD per square foot; 2024 vintage. Wired 2026-10-05 as flood bridge replacement value via resiflow.hazards.bridge_cost_t30 (unit cost x deck area from existing averageWidth/structure_length_m); replaces damage_cost_road_flood.xlsx's bridges-surface/bridges-river sheets for that role -- gated behind vulnerability.use_sourced_asset_costs. The $ magnitude is then scaled by the discrete HAZUS 6.1 Table 11-10 damage-state ratio (hazards/hazus_bridge.DAMAGE_RATIO_BY_ASSET_AND_STATE bridge row) -- the same ratio already used for earthquake bridges in this pipeline instead of a second independently-invented bridge damage-ratio scheme. State joined via NBI's own per-bridge FIPS code (bridge_state) falling back to FAF5's own STATE field (resiflow.us_states) -- unmatched (e.g. a Canadian/Mexican cross-border link) contributes $0 and never a fabricated national-average cost. OPEN: exact publication source for cost_used_for_2024_estimate_usd_per_ft2 not yet confirmed -- see this file's own header
tunnel_cost_parameters.csv,n/a (new -- 2026-10-05),SOURCED,Rostami et al. (2013) Tunnelling and Underground Space Technology 33:22-33 Table 9 (DOI 10.1016/j.tust.2012.08.002) -- planning-level tunnel construction-cost regression coefficients by application x excavation method. Implemented 2026-10-05 in resiflow.hazards.tunnel_cost per docs/BRDIGE_COSTS.md's full spec (validated against that doc's own worked example: L=1km 2 lanes 1 bore default geometry -> D=10.7536m cost ~= $78.67M 2008 USD -- reproduced exactly). FAF5's tunnels are all highway (highway_conventional is the only model_id ever selected here; the subway rows exist only because they are part of Rostami et al.'s own Table 9 and are never applied to this project's data). Real bore geometry (bore count; lanes; curb-to-curb width) comes from NTI via scripts/build_nti_tunnel_index.py and faf5_network.py's apply_tunnel_index() -- fixed 2026-10-05: the NTI loader was silently treating feet as meters for tunnel length AND roadway width (confirmed empirically against 5 real named tunnels including Eisenhower Holland and Lincoln) and the index was summing multi-bore tunnel lengths instead of taking the longest bore; both are corrected in scripts/load_ntad_tunnel_gpkg.py and scripts/build_nti_tunnel_index.py. Direct damage reuses the same HAZUS tunnel damage-state ratio used for bridges (DAMAGE_RATIO_BY_ASSET_AND_STATE tunnel row) per the spec's own step 5. Gated behind vulnerability.use_sourced_asset_costs
T26_recovery_design_current.csv,26,CURRENT+CANDIDATE_NOTE,DECISION 2026-10-08: confirmed correct/final per explicit decision (ROAD schedule). AUDIT 2026-10-08 CORRECTION: recovery.use_table_recovery_design was briefly flipped true then reverted back to its default false after confirming several toy/E2E pipeline tests assert a single-day cost matrix against the data bundle's simpler schedule -- the real flag default is FALSE. The bridge/road split (resiflow.tables.recovery_schedule_from_bridge_and_road_tables -- paired with T26_recovery_schedule_US_candidate_bridges.csv) is fully wired and tested and ready to use once that flag is switched on
T26_recovery_schedule_US_candidate_bridges.csv,n/a (new -- 2026-10-08),SOURCED,BRIDGE-specific recovery schedule converted from parameters/tables/T26_recovery_schedule_US_candidate_bridges.xlsx (Assumptions/Sources/T26_final sheets). Re-anchored to NCHRP Web-Only Document 390 (2024) -- average scenario anchored to the Hurricane Harvey / I-69 South bridge case (182d severe scour -- reported ahead of schedule); slow scenario anchored to NCHRP WOD 390 Fig. B-14's years-tail (about 14 pct of 21 DOTs surveyed report years-scale full restoration -- N=13/21 sample -- not damage-level-disaggregated); fast scenario left unchanged (no contradicting evidence -- ABC/incentive-contracting precedent -- e.g. I-85 Atlanta rebuilt in 43 days). Confirmed correct/final per explicit decision 2026-10-08; wired via recovery.recovery_bridge_design_table paired with the road table above -- but recovery.use_table_recovery_design defaults FALSE; see that table's own row above
T27_speed_restriction_schedule.csv,27,CURRENT+CANDIDATE,DECISION 2026-10-08: confirmed correct/final per explicit decision; the real event_day_from/event_day_to/applies_to schema is now READ by Script 4 (resiflow.tables.flood_residual_speed_gate) instead of hardcoded day==1/2/3 checks. That hardcode never matched this project's real recovery-schedule day checkpoints (0/7/14/30/60/90) so the flood residual-speed restriction was DEAD CODE in every real run before this fix; also fixed a quoted comment line that was breaking the file's own comment-stripping (the same recurring CSV-quoting bug seen before in T08b/T20). FLOOD ONLY -- depth gates 2m/6m stay in recovery.residual_depth_gates_m; EQ/LS use T37/T38 (Script 4 hazard_type branch)
T29_payload_conversion_factors.csv,29,ADOPTED,FHWA-HOP-20-011 T52 2017 CU tonnage-weighted to sctgG5; VIUS2021/FAF6/FSRDC deferred
T31_earthquake_road_liquefaction_pga_lookup.csv,n/a (new -- Ali/ASSIP),SOURCED,Full HAZUS-methodology grid (magnitude x susceptibility x road_tier x PGA); wired 2026-09-23 behind use_table_earthquake_liquefaction using a real-but-regional (8 CUSEC states) susceptibility layer -- see hazards/liquefaction.py and docs/HAZARD_TABLE_INTEGRATION_RUNBOOK.md Track A
T32_winter_storm_direct_cost_function.csv,n/a (new -- Ali/ASSIP),SOURCED,Real DOT-regression cost formula; wired 2026-09-23 behind use_table_winter_storm_cost using real-but-approximate duration_hours (SNODAS 3-day depth-delta proxy -- not the ideal 6hr NOHRSC grid) + air_temp_F (PRISM tmin) for all 4 real events -- see hazards/winter_storm_cost.py and docs/HAZARD_TABLE_INTEGRATION_RUNBOOK.md Track B
T32_ice_event_assumption_note.csv,n/a (new -- Ali/ASSIP),SOURCED,AUDIT 2026-10-08: confirmed NOT loaded by code -- by design not neglect: fragility/winter_storm_categorical.py's own docstring says explicitly this CSV 'is documentation of that choice not a separate code path' (the T_factor>=1.5 escalator IS the real ice-event handling implemented directly in that module's categorical-tier logic)
archive/T33_winter_storm_clearance_order.csv,n/a (new -- Ali/ASSIP),ARCHIVED_LEGACY,AUDIT 2026-10-08: superseded by T33_winter_storm_clearance_order_new.csv below -- hazards/winter_storm_clearance.py's own T33_TABLE constant now names the _new file; this is the prior revision now archived
T33_winter_storm_clearance_order_new.csv,n/a (new),SOURCED,AUDIT 2026-10-08: confirmed wired -- hazards/winter_storm_clearance.py loads this real road-class clearance-priority/fleet-share model (T33_TABLE constant); called from disruption/build.py and disruption/winter_storm.py. Road-hierarchy fleet-share solved from target reopening times; feeds T34's day-of-reopening schedule
T34_winter_storm_clearance_schedule.csv,n/a (new -- Ali/ASSIP),SOURCED,Day-of-reopening by rank x damage level x region; needs a snowfall-region classification per link and winter-storm-specific damage_level thresholds -- see Track B Step 2
T35_winter_storm_speed_recovery.csv,n/a (new -- Ali/ASSIP),SOURCED,Post-reopening capacity curve by major/minor road class. WIRED 2026-10-09: resiflow.hazards.winter_storm_clearance.residual_speed_factor_winter_storm() turns T34's real day_open plus the current event_day into a per-link speed factor; called from Script 4's winter_storm branch (replacing the flood-shim depth gates winter_storm previously fell through to for residual speed). Fixed a quoted-comment-line plus unquoted-trailing-note CSV parsing bug in this file's own header (same recurring issue as T08b/T20/T27). Major/minor uses hpms_fclass.damage_threshold_major_from_fclass (F1-F3 major) not a winter-storm-specific split -- T33 has no literal road_class column despite this file's own header comment implying one
T36_damage_state_operational_factors.csv,n/a (EQ/LS ops),ADOPTED,"HAZUS EQ TM 6.1 Table 7-4 day-1 Functional % → speed_factor=capacity_factor by hazard×bridge|road; day-1 only (not T26 recovery). Inventory ledger: T36_damage_state_operational_factors_inventory.csv"
T36_damage_state_operational_factors_inventory.csv,n/a (EQ/LS ops),SOURCED,Research ledger (HAZUS/Shiraki/Padgett/ATC-20/Northridge); not loaded by model — adopted subset is T36_damage_state_operational_factors.csv
T37_earthquake_residual_speed_schedule.csv,n/a (EQ residual),ADOPTED,HAZUS Table 7-4 minor/moderate speed×day; extensive/severe defer to T26. Replaces flood_depth gates for earthquake
T38_landslide_residual_speed_schedule.csv,n/a (LS residual),ADOPTED,HAZUS roadway Table 7-4 landslide residual speed; same T26 split as T37
NHCCI_20260922.csv,n/a (new -- 2026-10-08),SOURCED,FHWA National Highway Construction Cost Index -- quarterly composite (overall + group-level percent-change sub-indices by construction item) 2003 Q1 through 2026 Q1. Downloaded 2026-09-22. DECISION 2026-10-08: used via resiflow.nhcci to harmonize T24 CP25 (2018 USD) / T30 (2024 USD) / the Rostami et al. tunnel model (December 2008 USD) onto one common dollar-year -- the latest available NHCCI quarter (2026 Q1) by default; a construction-specific CPI fallback was considered but not needed since all three source years already fall within NHCCI's own coverage. Uses the SEASONALLY ADJUSTED composite column since the quarters being compared usually differ (e.g. 2018 Q4 vs 2026 Q1)
