# T27 - Residual floodwater speed-restriction schedule (Scripts 4). FLOOD ONLY.,,,,
# Depth gates 2 m / 6 m are parameterized as recovery.residual_depth_gates_m.,,,,
# Earthquake / landslide do NOT use this file — see T37 / T38 (HAZUS Table 7-4,,,,
# damage×day speed factors). Winter storm candidate: T35 (not yet wired to Script 4).,,,,
#candidate,per flood type (flash/riverine/coastal),window 4-14 d; gates x0.5-1.5,USGS NWIS gage recession + NOAA NWPS (matrix row 27),
# revisit later -- if any issues,,,,
event_day_from,event_day_to,applies_to,speed_state,source_status
0,0,all flooded segments,reduced per T19 speed-depth,current (Gunn 2018 UK)
1,3,segments with initial depth > 2 m,reduced,current
4,7,segments with initial depth > 6 m,reduced,current
8,inf,none,restored,current - assumes full recession within a week
