# T30 - Bridge replacement unit cost by state and NHS/non-NHS classification, 2024.
# Columns: poor_bridge_count_2024/poor_bridge_area_ft2_2024 describe each
# state's NBI-condition "poor" bridge inventory (the population the
# cost_used_for_2024_estimate_usd_per_ft2 figure was estimated against);
# this project only consumes cost_used_for_2024_estimate_usd_per_ft2 itself
# as a general per-square-foot deck replacement unit cost, applied to ANY
# bridge in that state/NHS-class, not only the poor-condition population it
# was derived from. total_cost_if_replacement_usd/total_cost_if_rehab_68pct_usd
# are the file's own aggregate estimates for its poor-bridge population and
# are not consumed by this project.
# Promoted from parameters/tables/updates_ak/T30_bridge_replacement_unit_costs_US.csv
# 2026-10-05 -- covers 50 states + DC + Puerto Rico x {NHS, non-NHS} = 104 rows.
# OPEN: exact publication source for cost_used_for_2024_estimate_usd_per_ft2
# not yet documented here -- please confirm/supply the citation (methodology
# strongly resembles the standard state-DOT/ARTBA poor-bridge-cost approach,
# including the common industry 68%-of-replacement rehab-cost convention,
# but this has not been independently verified against a named source).
# Consumed by resiflow.hazards.bridge_cost_t30 (state x bridge_class join on
# this project's own `nhs_designation` field / `bridge_state`/`STATE`).
state,bridge_class,poor_bridge_count_2024,poor_bridge_area_ft2_2024,cost_used_for_2024_estimate_usd_per_ft2,total_cost_if_replacement_usd,total_cost_if_rehab_68pct_usd
Alabama,NHS,33,316228,227,71783663,48812891
Alaska,NHS,15,227181,475,107910976,73379463
Arizona,NHS,13,307445,263,80857986,54983430
Arkansas,NHS,62,1139712,314,357299785,242963854
California,NHS,514,15485880,465,7200934422,4896635407
Colorado,NHS,112,1134978,267,303039215,206066666
Connecticut,NHS,44,1750442,643,1125534277,765363308
Delaware,NHS,0,0,429,0,0
District Of Columbia,NHS,3,352983,429,151429795,102972261
Florida,NHS,20,863199,244,210908332,143417665
Georgia,NHS,14,485549,206,100023177,68015760
Hawaii,NHS,32,507973,1435,728940897,495679810
Idaho,NHS,14,159491,341,54386338,36982710
Illinois,NHS,370,7936557,308,2447104955,1664031370
Indiana,NHS,36,573200,243,139096613,94585697
Iowa,NHS,13,453405,149,67708492,46041775
Kansas,NHS,25,913767,256,233924336,159068549
Kentucky,NHS,40,1319420,187,246731623,167777503
Louisiana,NHS,121,4720503,277,1307579304,889153926
Maine,NHS,47,399510,509,203350346,138278235
Maryland,NHS,31,971743,643,624507129,424664848
Massachusetts,NHS,216,3731611,1606,5992967598,4075217967
Michigan,NHS,214,2671420,382,1019592116,693322639
Minnesota,NHS,46,1735731,226,392275195,266747133
Mississippi,NHS,40,843331,313,263962631,179494589
Missouri,NHS,167,3374531,175,590542945,401569203
Montana,NHS,44,471124,307,144635208,98351942
Nebraska,NHS,39,398364,231,92022013,62574969
Nevada,NHS,4,77935,651,50735908,34500417
New Hampshire,NHS,26,316795,270,85534639,58163555
New Jersey,NHS,144,3586466,840,3011435940,2047776439
New Mexico,NHS,30,295810,873,258242510,175604907
New York,NHS,377,12813303,792,10143865011,6897828207
North Carolina,NHS,126,1684187,206,346942500,235920900
North Dakota,NHS,17,156336,276,43148621,29341062
Ohio,NHS,64,1528156,279,425846059,289575320
Oklahoma,NHS,18,248800,241,59877830,40716925
Oregon,NHS,26,585178,495,289663096,196970905
Pennsylvania,NHS,259,3787726,437,1653973586,1124702038
Rhode Island,NHS,49,803912,738,593018870,403252832
South Carolina,NHS,73,1833100,187,342178656,232681486
South Dakota,NHS,19,290294,340,98700104,67116071
Tennessee,NHS,162,2730967,243,664535395,451884069
Texas,NHS,77,3381374,109,368569802,250627465
Utah,NHS,13,229302,295,67643977,45997904
Vermont,NHS,10,136309,437,59521385,40474542
Virginia,NHS,67,1937243,483,935042382,635828820
Washington,NHS,159,4031552,593,2390710083,1625682857
West Virginia,NHS,160,3016740,322,972395706,661229080
Wisconsin,NHS,60,904872,147,132714528,90245879
Wyoming,NHS,46,483033,282,136215395,92626469
Puerto Rico,NHS,78,1938760,229,443976092,301903743
Alabama,non-NHS,510,1839481,187,344596078,234325333
Alaska,non-NHS,118,315585,723,228167629,155153988
Arizona,non-NHS,86,386800,351,135895670,92409055
Arkansas,non-NHS,642,2532780,307,778407841,529317332
California,non-NHS,1013,6443778,483,3114492528,2117854919
Colorado,non-NHS,320,927077,325,300836365,204568728
Connecticut,non-NHS,162,530350,706,374250034,254490023
Delaware,non-NHS,11,277851,498,138369703,94091398
District Of Columbia,non-NHS,2,3465,382,1323768,900162
Florida,non-NHS,344,2038446,277,564649410,383961599
Georgia,non-NHS,226,647275,210,135711936,92284116
Hawaii,non-NHS,46,198225,382,75721942,51490921
Idaho,non-NHS,212,491934,349,171848968,116857298
Illinois,non-NHS,2147,8930718,267,2384501774,1621461206
Indiana,non-NHS,982,2295718,237,544850441,370498300
Iowa,non-NHS,4531,9223981,139,1282133398,871850711
Kansas,non-NHS,1285,2233171,190,425046864,289031867
Kentucky,non-NHS,1032,2477540,281,696188855,473408421
Louisiana,non-NHS,1337,6306031,295,1862381014,1266419089
Maine,non-NHS,341,1052801,521,548509493,372986455
Maryland,non-NHS,219,806392,661,532756494,362274416
Massachusetts,non-NHS,254,1315935,816,1073803096,730186105
Michigan,non-NHS,1067,2743161,364,999424853,679608900
Minnesota,non-NHS,555,2163218,200,431922558,293707339
Mississippi,non-NHS,969,2622432,196,513122449,348923266
Missouri,non-NHS,2036,5485026,181,994617972,676340221
Montana,non-NHS,312,804983,297,238811702,162391957
Nebraska,non-NHS,1178,1884397,253,476752488,324191692
Nevada,non-NHS,20,89358,382,34134917,23211744
New Hampshire,non-NHS,165,485722,989,480379539,326658086
New Jersey,non-NHS,266,1393433,775,1079910706,734339280
New Mexico,non-NHS,152,585369,541,316684472,215345441
New York,non-NHS,1287,4283596,524,2244604538,1526331086
North Carolina,non-NHS,1172,4943189,203,1005115045,683478231
North Dakota,non-NHS,450,596634,277,165267525,112381917
Ohio,non-NHS,1203,3881081,282,1095758619,745115861
Oklahoma,non-NHS,1746,3194298,182,581362226,395326314
Oregon,non-NHS,357,1040711,375,390613565,265617224
Pennsylvania,non-NHS,2673,5981334,444,2657706279,1807240270
Rhode Island,non-NHS,70,346176,847,293210752,199383311
South Carolina,non-NHS,513,2182574,201,438697413,298314241
South Dakota,non-NHS,944,1496097,332,496704337,337758949
Tennessee,non-NHS,736,2888856,179,518068174,352286358
Texas,non-NHS,618,2787099,125,348387382,236903420
Utah,non-NHS,78,186857,519,96916448,65903185
Vermont,non-NHS,73,239947,555,133250327,90610222
Virginia,non-NHS,411,1368774,443,605910637,412019233
Washington,non-NHS,303,1375519,369,507566340,345145111
West Virginia,non-NHS,1210,2386147,312,745273094,506785704
Wisconsin,non-NHS,882,2457410,165,404653532,275164402
Wyoming,non-NHS,158,698170,293,204796579,139261674
Puerto Rico,non-NHS,254,915434,197,180340490,122631533
